invoice_name,file_name,file_path,folder_name,number_of_pages,is_multipage,Invoice No,Invoice Date,Seller GSTIN,Seller Pan,Seller Name,Buyer GSTIN,Buyer Name,Buyer Pan,Ship to GSTIN,Ship to Name,Subtotal Amount,Discount Amount,CGST Amount,SGST Amount,IGST Amount,Cess Amount,Additianal Cess Amount
invoice_004,24-2019-20 - Sangeetha Madan.pdf,/Users/fis/Documents/Data/Showri_POCs/ACRDemo/Decathlon/24-2019-20 - Sangeetha Madan.pdf,Decathlon,1,False,,,,,,,,,,,,,,,,,
invoice_001,AH-001-2019-2020 - CHAMAN LAL BAJAJ.pdf,/Users/fis/Documents/Data/Showri_POCs/ACRDemo/Decathlon/AH-001-2019-2020 - CHAMAN LAL BAJAJ.pdf,Decathlon,1,False,,,,,,,,,,,,,,,,,
invoice_005,17182903.pdf,/Users/fis/Documents/Data/Showri_POCs/ACRDemo/Decathlon/17182903.pdf,Decathlon,1,False,,,,,,,,,,,,,,,,,
invoice_003,INV-2122-0031.pdf,/Users/fis/Documents/Data/Showri_POCs/ACRDemo/Decathlon/INV-2122-0031.pdf,Decathlon,2,True,,,,,,,,,,,,,,,,,
invoice_006,GKA22-122846.pdf,/Users/fis/Documents/Data/Showri_POCs/ACRDemo/Decathlon/GKA22-122846.pdf,Decathlon,1,False,,,,,,,,,,,,,,,,,
invoice_002,PB22INV5750.pdf,/Users/fis/Documents/Data/Showri_POCs/ACRDemo/Decathlon/PB22INV5750.pdf,Decathlon,1,False,,,,,,,,,,,,,,,,,
invoice_007,12028.pdf,/Users/fis/Documents/Data/Showri_POCs/ACRDemo/Decathlon/12028.pdf,Decathlon,1,False,,,,,,,,,,,,,,,,,
invoice_008,EP-03-71-21-22 - Ambience.pdf,/Users/fis/Documents/Data/Showri_POCs/ACRDemo/Decathlon/EP-03-71-21-22 - Ambience.pdf,Decathlon,2,True,,,,,,,,,,,,,,,,,
invoice_009,24-2019-20 - Sanjay Madan.pdf,/Users/fis/Documents/Data/Showri_POCs/ACRDemo/Decathlon/24-2019-20 - Sanjay Madan.pdf,Decathlon,1,False,,,,,,,,,,,,,,,,,
invoice_010,DL1-AR-006-19-20.pdf,/Users/fis/Documents/Data/Showri_POCs/ACRDemo/Decathlon/DL1-AR-006-19-20.pdf,Decathlon,1,False,,,,,,,,,,,,,,,,,
invoice_012,VIV 7998 - PETS CENTRIC PRIVATE LIMITED - MH - Muhammed Noufal.pdf,/Users/fis/Documents/Data/Showri_POCs/ACRDemo/Petfully/VIV 7998 - PETS CENTRIC PRIVATE LIMITED - MH - Muhammed Noufal.pdf,Petfully,1,False,,,,,,,,,,,,,,,,,
invoice_014,VIV 7999 - PETS CENTRIC PRIVATE LIMITED - DL - Muhammed Noufal.pdf,/Users/fis/Documents/Data/Showri_POCs/ACRDemo/Petfully/VIV 7999 - PETS CENTRIC PRIVATE LIMITED - DL - Muhammed Noufal.pdf,Petfully,1,False,,,,,,,,,,,,,,,,,
invoice_011,BOLPF 1236 - PETS CENTRIC PRIVATE LIMITED - DL - Muhammed Noufal.pdf,/Users/fis/Documents/Data/Showri_POCs/ACRDemo/Petfully/BOLPF 1236 - PETS CENTRIC PRIVATE LIMITED - DL - Muhammed Noufal.pdf,Petfully,2,True,,,,,,,,,,,,,,,,,
invoice_016,VIV 7997 - PETS CENTRIC PRIVATE LIMITED - KA - Muhammed Noufal.pdf,/Users/fis/Documents/Data/Showri_POCs/ACRDemo/Petfully/VIV 7997 - PETS CENTRIC PRIVATE LIMITED - KA - Muhammed Noufal.pdf,Petfully,1,False,,,,,,,,,,,,,,,,,
invoice_017,208_0003342_2324_PMRMO24437_2_20230803123014.pdf,/Users/fis/Documents/Data/Showri_POCs/ACRDemo/Hamdard/208_0003342_2324_PMRMO24437_2_20230803123014.pdf,Hamdard,1,False,,,,,,,,,,,,,,,,,
invoice_013,BOLPF 1235 - PETS CENTRIC PRIVATE LIMITED - MH - Muhammed Noufal.pdf,/Users/fis/Documents/Data/Showri_POCs/ACRDemo/Petfully/BOLPF 1235 - PETS CENTRIC PRIVATE LIMITED - MH - Muhammed Noufal.pdf,Petfully,2,True,,,,,,,,,,,,,,,,,
invoice_020,208_0003317_2324_PMRMO24411_1_20230802123434.pdf,/Users/fis/Documents/Data/Showri_POCs/ACRDemo/Hamdard/208_0003317_2324_PMRMO24411_1_20230802123434.pdf,Hamdard,1,False,,,,,,,,,,,,,,,,,
invoice_018,208_0003311_2324_PMRMO24405_1_20230802122016.pdf,/Users/fis/Documents/Data/Showri_POCs/ACRDemo/Hamdard/208_0003311_2324_PMRMO24405_1_20230802122016.pdf,Hamdard,1,False,,,,,,,,,,,,,,,,,
invoice_015,BOLPF 1234 - PETS CENTRIC PRIVATE LIMITED - KA - Muhammed Noufal.pdf,/Users/fis/Documents/Data/Showri_POCs/ACRDemo/Petfully/BOLPF 1234 - PETS CENTRIC PRIVATE LIMITED - KA - Muhammed Noufal.pdf,Petfully,2,True,,,,,,,,,,,,,,,,,
invoice_022,208_0003314_2324_PMRMO24408_1_20230802122526.pdf,/Users/fis/Documents/Data/Showri_POCs/ACRDemo/Hamdard/208_0003314_2324_PMRMO24408_1_20230802122526.pdf,Hamdard,1,False,,,,,,,,,,,,,,,,,
invoice_021,208_0003312_2324_PMRMO24406_1_20230802122144.pdf,/Users/fis/Documents/Data/Showri_POCs/ACRDemo/Hamdard/208_0003312_2324_PMRMO24406_1_20230802122144.pdf,Hamdard,1,False,,,,,,,,,,,,,,,,,
invoice_023,GRN2290682.pdf,/Users/fis/Documents/Data/Showri_POCs/ACRDemo/Swiggy/GRN2290682.pdf,Swiggy,1,False,,,,,,,,,,,,,,,,,
invoice_024,GRN2290683.pdf,/Users/fis/Documents/Data/Showri_POCs/ACRDemo/Swiggy/GRN2290683.pdf,Swiggy,1,False,,,,,,,,,,,,,,,,,
invoice_025,2929_001 (1).pdf,/Users/fis/Documents/Data/Showri_POCs/ACRDemo/Swiggy/2929_001 (1).pdf,Swiggy,1,False,,,,,,,,,,,,,,,,,
invoice_019,208_0003325_2324_PMRMO24419_1_20230802124712.pdf,/Users/fis/Documents/Data/Showri_POCs/ACRDemo/Hamdard/208_0003325_2324_PMRMO24419_1_20230802124712.pdf,Hamdard,2,True,,,,,,,,,,,,,,,,,
invoice_029,GRN2760813.pdf,/Users/fis/Documents/Data/Showri_POCs/ACRDemo/Swiggy/GRN2760813.pdf,Swiggy,1,False,,,,,,,,,,,,,,,,,
invoice_028,GRN2352317.pdf,/Users/fis/Documents/Data/Showri_POCs/ACRDemo/Swiggy/GRN2352317.pdf,Swiggy,1,False,,,,,,,,,,,,,,,,,
invoice_026,SE-072.pdf,/Users/fis/Documents/Data/Showri_POCs/ACRDemo/Swiggy/SE-072.pdf,Swiggy,1,False,,,,,,,,,,,,,,,,,
invoice_030,GRN2760812.pdf,/Users/fis/Documents/Data/Showri_POCs/ACRDemo/Swiggy/GRN2760812.pdf,Swiggy,1,False,,,,,,,,,,,,,,,,,
invoice_027,Invoice Number 302.pdf,/Users/fis/Documents/Data/Showri_POCs/ACRDemo/Swiggy/Invoice Number 302.pdf,Swiggy,2,True,,,,,,,,,,,,,,,,,
invoice_033,GRN2550458.pdf,/Users/fis/Documents/Data/Showri_POCs/ACRDemo/Swiggy/GRN2550458.pdf,Swiggy,1,False,,,,,,,,,,,,,,,,,
invoice_031,GRN2352316.pdf,/Users/fis/Documents/Data/Showri_POCs/ACRDemo/Swiggy/GRN2352316.pdf,Swiggy,1,False,,,,,,,,,,,,,,,,,
invoice_034,GRN2550457.pdf,/Users/fis/Documents/Data/Showri_POCs/ACRDemo/Swiggy/GRN2550457.pdf,Swiggy,1,False,,,,,,,,,,,,,,,,,
invoice_036,SSPL_138.pdf,/Users/fis/Documents/Data/Showri_POCs/ACRDemo/Swiggy/SSPL_138.pdf,Swiggy,1,False,,,,,,,,,,,,,,,,,
invoice_037,GRN2352316(1).pdf,/Users/fis/Documents/Data/Showri_POCs/ACRDemo/Swiggy/GRN2352316(1).pdf,Swiggy,1,False,,,,,,,,,,,,,,,,,
invoice_032,MAY 25 MH.pdf,/Users/fis/Documents/Data/Showri_POCs/ACRDemo/Swiggy/MAY 25 MH.pdf,Swiggy,2,True,,,,,,,,,,,,,,,,,
invoice_039,2928_001 (1).pdf,/Users/fis/Documents/Data/Showri_POCs/ACRDemo/Swiggy/2928_001 (1).pdf,Swiggy,1,False,,,,,,,,,,,,,,,,,
invoice_040,GRN2720803.pdf,/Users/fis/Documents/Data/Showri_POCs/ACRDemo/Swiggy/GRN2720803.pdf,Swiggy,1,False,,,,,,,,,,,,,,,,,
invoice_042,GRN2630812.pdf,/Users/fis/Documents/Data/Showri_POCs/ACRDemo/Swiggy/GRN2630812.pdf,Swiggy,1,False,,,,,,,,,,,,,,,,,
invoice_041,SE-071N.pdf,/Users/fis/Documents/Data/Showri_POCs/ACRDemo/Swiggy/SE-071N.pdf,Swiggy,1,False,,,,,,,,,,,,,,,,,
invoice_043,GRN2300933.pdf,/Users/fis/Documents/Data/Showri_POCs/ACRDemo/Swiggy/GRN2300933.pdf,Swiggy,1,False,,,,,,,,,,,,,,,,,
invoice_044,GRN5060603.pdf,/Users/fis/Documents/Data/Showri_POCs/ACRDemo/Swiggy/GRN5060603.pdf,Swiggy,1,False,,,,,,,,,,,,,,,,,
invoice_035,Apollo Medicine JUNE 2025 (1).pdf,/Users/fis/Documents/Data/Showri_POCs/ACRDemo/Swiggy/Apollo Medicine JUNE 2025 (1).pdf,Swiggy,1,False,,,,,,,,,,,,,,,,,
invoice_045,IM-PI23000001297_Swiggy_IM FP&SKAN_DSP&Glance.pdf,/Users/fis/Documents/Data/Showri_POCs/ACRDemo/Swiggy/IM-PI23000001297_Swiggy_IM FP&SKAN_DSP&Glance.pdf,Swiggy,1,False,,,,,,,,,,,,,,,,,
invoice_046,DOC378.pdf,/Users/fis/Documents/Data/Showri_POCs/ACRDemo/Lulu/DOC378.pdf,Lulu,1,False,,,,,,,,,,,,,,,,,
invoice_047,DOC376.pdf,/Users/fis/Documents/Data/Showri_POCs/ACRDemo/Lulu/DOC376.pdf,Lulu,1,False,,,,,,,,,,,,,,,,,
invoice_048,DOC373.pdf,/Users/fis/Documents/Data/Showri_POCs/ACRDemo/Lulu/DOC373.pdf,Lulu,1,False,,,,,,,,,,,,,,,,,
invoice_049,_000001856-0006_SI_SI2012311401.pdf,/Users/fis/Documents/Data/Showri_POCs/ACRDemo/Grasim/_000001856-0006_SI_SI2012311401.pdf,Grasim,3,True,,,,,,,,,,,,,,,,,
invoice_051,_QS0686F956BCXX-0002_SI_GRASIM INDUSTRIES.pdf,/Users/fis/Documents/Data/Showri_POCs/ACRDemo/Grasim/_QS0686F956BCXX-0002_SI_GRASIM INDUSTRIES.pdf,Grasim,2,True,,,,,,,,,,,,,,,,,
invoice_052,_000009338-0001_SI_GRASIM BILL NO - 2184.pdf,/Users/fis/Documents/Data/Showri_POCs/ACRDemo/Grasim/_000009338-0001_SI_GRASIM BILL NO - 2184.pdf,Grasim,1,False,,,,,,,,,,,,,,,,,
invoice_054,chettinad 3.pdf,/Users/fis/Documents/Data/Showri_POCs/ACRDemo/Grasim/chettinad 3.pdf,Grasim,1,False,,,,,,,,,,,,,,,,,
invoice_053,_QS0683AFF94HFK-0001_SI_13-4-2024 TOTAL INVOICES.pdf,/Users/fis/Documents/Data/Showri_POCs/ACRDemo/Grasim/_QS0683AFF94HFK-0001_SI_13-4-2024 TOTAL INVOICES.pdf,Grasim,2,True,,,,,,,,,,,,,,,,,
invoice_055,_000000737-0001_SI_Grasim 6207178270.pdf,/Users/fis/Documents/Data/Showri_POCs/ACRDemo/Grasim/_000000737-0001_SI_Grasim 6207178270.pdf,Grasim,1,False,,,,,,,,,,,,,,,,,
invoice_050,_000013845-0001_SI_Sales_24-25_635.pdf,/Users/fis/Documents/Data/Showri_POCs/ACRDemo/Grasim/_000013845-0001_SI_Sales_24-25_635.pdf,Grasim,3,True,,,,,,,,,,,,,,,,,
invoice_057,I-25-26-002690 1.pdf,/Users/fis/Documents/Data/Showri_POCs/ACRDemo/Zepto/I-25-26-002690 1.pdf,Zepto,2,True,,,,,,,,,,,,,,,,,
invoice_056,9506016386 1.pdf,/Users/fis/Documents/Data/Showri_POCs/ACRDemo/Zepto/9506016386 1.pdf,Zepto,9,True,,,,,,,,,,,,,,,,,
invoice_038,SWIGGY LIMITED_Jul 25_FMS Rental_Lease Rental_IND-214045.PDF,/Users/fis/Documents/Data/Showri_POCs/ACRDemo/Swiggy/SWIGGY LIMITED_Jul 25_FMS Rental_Lease Rental_IND-214045.PDF,Swiggy,8,True,,,,,,,,,,,,,,,,,
